{
    "views":
    [
        {"position":{"x":328.9892746732946,"y":-4440.113348778601,"z":10274.221148482955},"target":{"x":-57390.544831372696,"y":-3981.114426936313,"z":2403.3047335136744},"up":{"x":-0.13510593301376134,"y":0.0010743932456883268,"z":0.9908305771137842},"width":58255.527259584414,"height":58255.527259584414,"projection":1,"nearLimit":0.01,"className":"Communicator.Camera"},
        {"position":{"x":-1621.0929764800508,"y":-461.1582265625445,"z":10274.221148482955},"target":{"x":56098.44112956594,"y":-920.1571484048254,"z":2403.3047335136744},"up":{"x":0.13510593301376136,"y":-0.0010743932456883105,"z":0.9908305771137842},"width":58255.527259584414,"height":58255.527259584414,"projection":1,"nearLimit":0.01,"className":"Communicator.Camera"},
        {"position":{"x":3050.5296577636177,"y":1483.4157742880225,"z":10274.221148482955},"target":{"x":3509.528579605902,"y":59202.94988033403,"z":2403.3047335136225},"up":{"x":0.0010743932456883246,"y":0.1351059330137622,"z":0.9908305771137841},"width":58255.527259584414,"height":58255.527259584414,"projection":1,"nearLimit":0.01,"className":"Communicator.Camera"},
        {"position":{"x":4963.468497139266,"y":-6458.576430986766,"z":10274.221148482955},"target":{"x":5014.362473912823,"y":-552.5195490228033,"z":9460.910475439015},"up":{"x":0.0011754830025154264,"y":0.1364104343334622,"z":0.99065171056465},"width":5962.010617100914,"height":5962.010617100914,"projection":1,"nearLimit":0.01,"className":"Communicator.Camera"}
    ]
}